bin_left,bin_right,count_mean,count_std
0.0,0.016666666666666666,96.37,17.165558013346022
0.016666666666666666,0.03333333333333333,12.77,4.6524538292352595
0.03333333333333333,0.05,13.71,4.918011200765435
0.05,0.06666666666666667,8.3,3.346039434838969
0.06666666666666667,0.08333333333333333,6.555,3.0003308025321327
0.08333333333333333,0.1,14.83,4.821549199522606
0.1,0.11666666666666667,9.435,3.3990502664079334
0.11666666666666667,0.13333333333333333,39.72,8.130938494664692
0.13333333333333333,0.15,18.08,5.132769879233416
0.15,0.16666666666666666,26.32,5.9947715913252955
0.16666666666666666,0.18333333333333332,8.795,3.392716852051018
0.18333333333333332,0.2,7.445,3.36804000382072
0.2,0.21666666666666667,6.21,2.896176651376759
0.21666666666666667,0.23333333333333334,2.68,1.8748802306806114
0.23333333333333334,0.25,3.045,1.7969754041207902
0.25,0.26666666666666666,5.1,2.7637277280466437
0.26666666666666666,0.2833333333333333,2.745,1.8100709333944887
0.2833333333333333,0.3,6.985,3.493680583582378
0.3,0.31666666666666665,3.02,1.9998994949621225
0.31666666666666665,0.3333333333333333,3.835,2.4551811690513423
0.3333333333333333,0.35,5.03,2.5889405295075107
0.35,0.36666666666666664,6.28,2.9058250283658498
0.36666666666666664,0.3833333333333333,2.12,1.5353784337007494
0.3833333333333333,0.4,26.715,6.657732497633879
0.4,0.4166666666666667,8.795,3.3464861943905047
0.4166666666666667,0.43333333333333335,7.095,3.1838119120728976
0.43333333333333335,0.45,8.195,3.4183917285838157
0.45,0.4666666666666667,7.82,2.9987602128330226
0.4666666666666667,0.48333333333333334,19.085,5.083006964287477
0.48333333333333334,0.5,2.325,1.793168218909351
0.5,0.5166666666666666,52.3,10.102987269060277
0.5166666666666666,0.5333333333333333,2.21,1.6337827980352146
0.5333333333333333,0.55,21.685,6.1501950780026045
0.55,0.5666666666666667,2.53,1.7705292624937694
0.5666666666666667,0.5833333333333334,18.18,5.45125498436118
0.5833333333333334,0.6,0.92,0.9891877790953338
0.6,0.6166666666666667,20.355,5.542796039879015
0.6166666666666667,0.6333333333333333,0.54,0.8010043946202835
0.6333333333333333,0.65,20.025,5.896457926620185
0.65,0.6666666666666666,0.64,0.8449673657877154
0.6666666666666666,0.6833333333333333,3.91,2.215046762667556
0.6833333333333333,0.7,3.135,1.996674370725875
0.7,0.7166666666666667,0.555,0.7277520976114671
0.7166666666666667,0.7333333333333333,4.735,2.595855800441045
0.7333333333333333,0.75,0.085,0.27958152504364214
0.75,0.7666666666666666,3.375,1.985974692030826
0.7666666666666666,0.7833333333333333,0.52,0.7827281243081236
0.7833333333333333,0.8,0.055,0.24957249880706744
0.8,0.8166666666666667,2.515,1.7305342365057659
0.8166666666666667,0.8333333333333334,0.0,0.0
0.8333333333333334,0.85,0.005,0.07071067811865486
0.85,0.8666666666666667,0.64,0.8567790565593876
0.8666666666666667,0.8833333333333333,0.005,0.07071067811865495
0.8833333333333333,0.9,0.005,0.07071067811865485
0.9,0.9166666666666666,0.315,0.5452167518819123
0.9166666666666666,0.9333333333333333,0.005,0.07071067811865493
0.9333333333333333,0.95,0.0,0.0
0.95,0.9666666666666667,0.23,0.4881510599050592
0.9666666666666667,0.9833333333333333,0.0,0.0
0.9833333333333333,1.0,0.115,0.39056073591979307
