triads,mean_BT,median_BT,mean_absBT,median_absBT,%forte_bal,%leve_bal,%leve_desbal,%forte_desbal,iter
549,0.04351542403937896,0.024,0.2822121074030705,0.24,0.12750455373406194,0.3879781420765027,0.3570127504553734,0.12750455373406194,1
549,0.054363205828779605,0.03,0.26564347298117796,0.17,0.14207650273224043,0.37340619307832423,0.3806921675774135,0.10382513661202186,2
549,0.0987464459189869,0.096,0.288970311822361,0.19200000000000003,0.21311475409836064,0.4007285974499089,0.27140255009107467,0.11475409836065574,3
549,0.10600255009107468,0.08533333333333334,0.2792420157862781,0.204,0.2040072859744991,0.3424408014571949,0.3551912568306011,0.09836065573770492,4
549,0.06156020325555846,0.04000000000000001,0.2623863445803337,0.16000000000000003,0.16393442622950818,0.36429872495446264,0.3551912568306011,0.11657559198542805,5
549,0.04717329234972678,0.0,0.29155550242865824,0.25600000000000006,0.15664845173041894,0.32604735883424407,0.40255009107468126,0.11475409836065574,6
549,0.06680805933087355,0.0425,0.2945611877850949,0.288,0.151183970856102,0.37522768670309653,0.3442622950819672,0.12932604735883424,7
549,0.036565791337785876,0.03,0.29958706233555965,0.25600000000000006,0.16939890710382513,0.34790528233151186,0.3296903460837887,0.15300546448087432,8
549,0.1176327346360524,0.102,0.2738677723669918,0.204,0.17486338797814208,0.44626593806921677,0.30601092896174864,0.07285974499089254,9
549,0.07550347529418568,0.0475,0.3195494680082112,0.324,0.22586520947176686,0.3224043715846995,0.29326047358834245,0.15846994535519127,10
549,0.08795439435336977,0.09600000000000002,0.2953292577413479,0.23399999999999999,0.18214936247723132,0.3843351548269581,0.3296903460837887,0.10382513661202186,11
549,0.06134141771252428,0.04000000000000001,0.29949995187720607,0.288,0.1621129326047359,0.36429872495446264,0.331511839708561,0.14207650273224043,12
549,0.07920892738864051,0.05625,0.2780680348567644,0.192,0.17304189435336975,0.3806921675774135,0.34790528233151186,0.09836065573770492,13
549,0.0682010348902767,0.03200000000000001,0.28288843622603876,0.192,0.16939890710382513,0.36065573770491804,0.35154826958105645,0.11839708561020036,14
549,0.019750058873276088,0.0,0.3008768591161419,0.21333333333333335,0.17122040072859745,0.3132969034608379,0.3533697632058288,0.1621129326047359,15
549,0.09262222330644462,0.09,0.2762336379998266,0.1805,0.18761384335154827,0.3825136612021858,0.331511839708561,0.09836065573770492,16
549,0.07152587632275133,0.016000000000000007,0.2718294932886634,0.16000000000000003,0.18032786885245902,0.32604735883424407,0.37522768670309653,0.11839708561020036,17
549,0.09328742518865471,0.12800000000000003,0.3234904176424669,0.36,0.18214936247723132,0.4353369763205829,0.26958105646630237,0.11293260473588343,18
549,0.07526070423201571,0.04800000000000001,0.342788431938432,0.4,0.22586520947176686,0.30601092896174864,0.30965391621129323,0.15846994535519127,19
549,0.03777662166309707,0.027428571428571427,0.3036337211513442,0.288,0.17486338797814208,0.3333333333333333,0.33697632058287796,0.15482695810564662,20
549,0.0863830888161626,0.04050000000000001,0.27613488862533947,0.19,0.18397085610200364,0.3570127504553734,0.366120218579235,0.09289617486338798,21
549,0.07129090771098968,0.09375,0.3003472222222222,0.255,0.1657559198542805,0.3679417122040073,0.34790528233151186,0.11839708561020036,22
549,0.08693392462880169,0.072,0.28248335334216484,0.20266666666666666,0.1621129326047359,0.3843351548269581,0.36247723132969034,0.09107468123861566,23
549,0.0886157006245121,0.08400000000000002,0.2833796350507416,0.20400000000000001,0.17122040072859745,0.3879781420765027,0.3333333333333333,0.10746812386156648,24
549,0.07967906975386484,0.11199999999999999,0.3236437140955584,0.34199999999999997,0.19672131147540983,0.3861566484517304,0.273224043715847,0.14389799635701275,25
549,0.08981440118397085,0.04000000000000001,0.2836756944444445,0.22799999999999998,0.1766848816029144,0.3770491803278688,0.3460837887067395,0.10018214936247723,26
549,0.0424023363908405,0.009680000000000005,0.25798573803018476,0.15000000000000002,0.151183970856102,0.36247723132969034,0.3679417122040073,0.11839708561020036,27
549,0.11844640255009106,0.12800000000000003,0.3121924408014572,0.32000000000000006,0.22404371584699453,0.4080145719489982,0.25318761384335153,0.11475409836065574,28
549,0.09322877200971465,0.08533333333333334,0.28493611870066793,0.192,0.1930783242258652,0.3970856102003643,0.302367941712204,0.10746812386156648,29
549,0.08469109744990894,0.096,0.2964022996357013,0.25600000000000006,0.17486338797814208,0.40619307832422585,0.302367941712204,0.11657559198542805,30
549,0.05618923800850031,0.008000000000000002,0.24949373102610808,0.14450000000000002,0.14571948998178508,0.36065573770491804,0.3843351548269581,0.1092896174863388,31
549,0.03370506982392228,0.03200000000000001,0.29028126897389195,0.22799999999999998,0.14207650273224043,0.37158469945355194,0.3460837887067395,0.14025500910746813,32
549,0.07508785237227861,0.068,0.2834458062277735,0.25600000000000006,0.14754098360655737,0.4116575591985428,0.331511839708561,0.1092896174863388,33
549,0.05670443989071038,0.0,0.2708414639170787,0.17,0.15664845173041894,0.3242258652094718,0.40619307832422585,0.11293260473588343,34
549,0.11938127276867033,0.11200000000000002,0.29706897768670315,0.24000000000000005,0.22768670309653916,0.36247723132969034,0.3205828779599271,0.08925318761384335,35
549,0.043614074290918556,0.037500000000000006,0.29779925947610375,0.201875,0.1621129326047359,0.3843351548269581,0.3132969034608379,0.14025500910746813,36
549,0.08786382058287798,0.08000000000000002,0.306099704007286,0.272,0.20036429872495445,0.36429872495446264,0.30965391621129323,0.12568306010928962,37
549,0.11284447328476017,0.09600000000000002,0.2960445340012144,0.25600000000000006,0.2222222222222222,0.3406193078324226,0.33515482695810567,0.10200364298724955,38
549,0.10521501171617292,0.11249999999999999,0.306474064381783,0.33749999999999997,0.1912568306010929,0.37522768670309653,0.331511839708561,0.10200364298724955,39
549,0.05749903070517825,0.06400000000000002,0.29781588385809704,0.272,0.16757741347905283,0.3697632058287796,0.3424408014571949,0.12021857923497267,40
549,0.06586132108884843,0.0,0.2843926507791945,0.24,0.18579234972677597,0.3132969034608379,0.39162112932604737,0.1092896174863388,41
549,0.12805349878567093,0.12800000000000003,0.2946466985428051,0.25600000000000006,0.1912568306010929,0.42805100182149364,0.2859744990892532,0.0947176684881603,42
549,0.05625863565396353,0.03200000000000001,0.29368178770531234,0.255,0.17304189435336975,0.3442622950819672,0.366120218579235,0.11657559198542805,43
549,0.1102634035186631,0.04666666666666666,0.2788888278110273,0.2,0.19672131147540983,0.3442622950819672,0.37158469945355194,0.08743169398907104,44
549,0.0872948353066181,0.03,0.26666099889409317,0.16000000000000003,0.18214936247723132,0.34790528233151186,0.3570127504553734,0.11293260473588343,45
549,0.07438621357012752,0.10500000000000001,0.31864674787492414,0.35200000000000004,0.20036429872495445,0.3697632058287796,0.2987249544626594,0.13114754098360656,46
549,0.08964118608508978,0.08000000000000002,0.26527111929699027,0.17,0.16939890710382513,0.3861566484517304,0.34972677595628415,0.0947176684881603,47
549,0.08184110883424409,0.08000000000000002,0.2611799673649059,0.16000000000000003,0.14025500910746813,0.41894353369763204,0.36065573770491804,0.08014571948998178,48
549,0.07777953096539163,0.03200000000000001,0.30825957043108687,0.36,0.21311475409836064,0.30783242258652094,0.3570127504553734,0.122040072859745,49
549,0.082224913065077,0.078,0.2688019539658884,0.16200000000000003,0.15482695810564662,0.4007285974499089,0.33515482695810567,0.1092896174863388,50
549,0.11465121252204587,0.11399999999999999,0.2853171354121491,0.24000000000000005,0.19672131147540983,0.3806921675774135,0.33879781420765026,0.08378870673952642,51
549,0.10026653488436277,0.096,0.2758617300049678,0.192,0.17122040072859745,0.3825136612021858,0.34790528233151186,0.09836065573770492,52
549,0.06321880768063144,0.06399999999999999,0.32324534836065577,0.3825,0.18761384335154827,0.3424408014571949,0.33515482695810567,0.13479052823315119,53
549,0.07905870023419204,0.04000000000000001,0.305963618266979,0.22857142857142862,0.2167577413479053,0.3242258652094718,0.32604735883424407,0.13296903460837886,54
549,0.1008884345997051,0.12000000000000002,0.3282821634573685,0.384,0.23497267759562843,0.3333333333333333,0.3242258652094718,0.10746812386156648,55
549,0.08426439305230289,0.048,0.31212617204440984,0.26999999999999996,0.21129326047358835,0.32604735883424407,0.3570127504553734,0.10564663023679417,56
549,0.05327648881805303,0.0,0.27589470375430075,0.168,0.16757741347905283,0.3151183970856102,0.39526411657559196,0.122040072859745,57
549,0.08396582905558315,0.04000000000000001,0.2968417301429597,0.21374999999999997,0.16939890710382513,0.3533697632058288,0.3697632058287796,0.10746812386156648,58
549,0.054261852111408125,0.06400000000000002,0.30223946521880274,0.25600000000000006,0.1621129326047359,0.3806921675774135,0.32604735883424407,0.13114754098360656,59
549,0.07687985894266632,0.03200000000000001,0.30248321786364823,0.35700000000000004,0.1930783242258652,0.3242258652094718,0.37158469945355194,0.1111111111111111,60
549,0.04953208421183147,0.024,0.260221413295013,0.16000000000000003,0.15300546448087432,0.3533697632058288,0.38979963570127507,0.10382513661202186,61
549,0.08043664927968208,0.09000000000000001,0.32363275376718,0.36000000000000004,0.2040072859744991,0.3770491803278688,0.29326047358834245,0.12568306010928962,62
549,0.10784735811142916,0.11200000000000002,0.30035069751640797,0.24,0.22768670309653916,0.36065573770491804,0.3132969034608379,0.09836065573770492,63
549,0.0772717012533611,0.03200000000000001,0.25834139073206697,0.16000000000000003,0.15300546448087432,0.3679417122040073,0.38979963570127507,0.08925318761384335,64
549,0.07049632541259593,0.046080000000000024,0.2989309219635859,0.288,0.16939890710382513,0.3697632058287796,0.34790528233151186,0.11293260473588343,65
549,0.09423247896608553,0.04800000000000001,0.30391219099661726,0.324,0.19489981785063754,0.3424408014571949,0.3333333333333333,0.12932604735883424,66
549,0.10720000758955678,0.11199999999999999,0.2998111945962356,0.288,0.19672131147540983,0.4116575591985428,0.29143897996357016,0.10018214936247723,67
549,0.05378885853066181,0.04000000000000001,0.2844313904068003,0.22799999999999998,0.1621129326047359,0.3806921675774135,0.33879781420765026,0.11839708561020036,68
549,0.12738516892184926,0.12800000000000003,0.2905322241738226,0.288,0.1912568306010929,0.42987249544626593,0.29690346083788705,0.08196721311475409,69
549,0.09351316282129123,0.12000000000000002,0.3001847475207448,0.25,0.1766848816029144,0.4080145719489982,0.30601092896174864,0.1092896174863388,70
549,0.07385582624974703,0.0,0.2610371458206841,0.192,0.14754098360655737,0.35154826958105645,0.41712204007285975,0.08378870673952642,71
549,0.11220873449561974,0.09600000000000002,0.28342635961488427,0.192,0.1894353369763206,0.3825136612021858,0.33515482695810567,0.09289617486338798,72
549,0.11558780168488161,0.12800000000000003,0.30761086038468216,0.32000000000000006,0.2040072859744991,0.3861566484517304,0.30601092896174864,0.10382513661202186,73
549,0.047268008933992536,0.0,0.276747443403591,0.2025,0.13296903460837886,0.3551912568306011,0.3879781420765027,0.12386156648451731,74
549,0.05471026867030966,0.0,0.2830524058894961,0.21600000000000003,0.18032786885245902,0.29690346083788705,0.39526411657559196,0.12750455373406194,75
549,0.03117687462052216,0.024,0.3085571114146934,0.30400000000000005,0.1493624772313297,0.3588342440801457,0.3333333333333333,0.15846994535519127,76
549,0.14763344862231473,0.14400000000000002,0.3264315613525313,0.384,0.2495446265938069,0.3879781420765027,0.2750455373406193,0.08743169398907104,77
549,0.12577380301847516,0.12800000000000003,0.3365497593026282,0.384,0.23679417122040072,0.37340619307832423,0.24772313296903462,0.14207650273224043,78
549,0.07397921675774136,0.03200000000000001,0.23251364298724955,0.14080000000000004,0.122040072859745,0.3989071038251366,0.40437158469945356,0.07468123861566485,79
549,0.08276588030973278,0.072,0.26809973840670565,0.16000000000000003,0.16393442622950818,0.39162112932604737,0.3533697632058288,0.09107468123861566,80
549,0.06596021761329139,0.031,0.30042833733509966,0.34,0.18579234972677597,0.3296903460837887,0.36065573770491804,0.12386156648451731,81
549,0.10864429265330906,0.105,0.28361144505160907,0.288,0.18032786885245902,0.39344262295081966,0.3424408014571949,0.08378870673952642,82
549,0.09777037362303756,0.12,0.31132157060456245,0.32000000000000006,0.1894353369763206,0.41530054644808745,0.2987249544626594,0.0965391621129326,83
549,0.10065551001821495,0.08533333333333334,0.29246486035215546,0.25966666666666666,0.20765027322404372,0.34790528233151186,0.33879781420765026,0.10564663023679417,84
549,0.09406886167490676,0.09300000000000001,0.2748522340402464,0.2,0.16029143897996356,0.40619307832422585,0.33879781420765026,0.0947176684881603,85
549,0.09901782244774049,0.11399999999999999,0.30712009931477147,0.33599999999999997,0.17122040072859745,0.41530054644808745,0.3205828779599271,0.09289617486338798,86
549,0.08593624772313298,0.096,0.30209153005464484,0.288,0.18761384335154827,0.3570127504553734,0.3333333333333333,0.122040072859745,87
549,0.03304810261080754,0.0,0.28232496964177295,0.216,0.151183970856102,0.3406193078324226,0.37340619307832423,0.13479052823315119,88
549,0.06671395419243781,0.03200000000000001,0.2621045431420432,0.16000000000000003,0.15664845173041894,0.3588342440801457,0.37340619307832423,0.1111111111111111,89
549,0.06341789233080218,0.0425,0.3114490116820035,0.36,0.18397085610200364,0.3533697632058288,0.31876138433515483,0.14389799635701275,90
549,0.060342603434816545,0.03,0.2689768475149623,0.19,0.14754098360655737,0.36247723132969034,0.3770491803278688,0.11293260473588343,91
549,0.07562369331488185,0.06999999999999999,0.29369681366751044,0.31499999999999995,0.15664845173041894,0.3825136612021858,0.3333333333333333,0.12750455373406194,92
549,0.060954720704310864,0.06400000000000002,0.2823018453465175,0.18000000000000002,0.151183970856102,0.4098360655737705,0.3224043715846995,0.11657559198542805,93
549,0.09932476363951775,0.12,0.28337475062884904,0.19200000000000003,0.18397085610200364,0.3879781420765027,0.3296903460837887,0.09836065573770492,94
549,0.046999861890917226,0.03200000000000001,0.2932331306713171,0.225,0.16393442622950818,0.3679417122040073,0.331511839708561,0.1366120218579235,95
549,0.10767294323011538,0.09600000000000002,0.2747898982999393,0.19200000000000003,0.16757741347905283,0.424408014571949,0.3205828779599271,0.08743169398907104,96
549,0.07811384462532003,0.03200000000000001,0.2765865430258873,0.192,0.15664845173041894,0.3806921675774135,0.37340619307832423,0.08925318761384335,97
549,0.0799351469454953,0.072,0.29005354403110556,0.19,0.1930783242258652,0.3861566484517304,0.30601092896174864,0.11475409836065574,98
549,0.07441574307598899,0.068,0.3049039173789174,0.3,0.16939890710382513,0.3770491803278688,0.3224043715846995,0.13114754098360656,99
549,0.11381753458669443,0.096,0.30895364786625035,0.36,0.2167577413479053,0.3551912568306011,0.3296903460837887,0.09836065573770492,100
549,0.05136018699222252,0.0,0.27585978366149133,0.2,0.15846994535519127,0.3224043715846995,0.4080145719489982,0.1111111111111111,101
549,0.07715684986689086,0.08000000000000002,0.2945815614637336,0.25600000000000006,0.1785063752276867,0.37522768670309653,0.33515482695810567,0.1111111111111111,102
549,0.06536746248590511,0.096,0.31123996226906064,0.288,0.1766848816029144,0.41530054644808745,0.2659380692167577,0.14207650273224043,103
549,0.09207344046107709,0.09600000000000002,0.29672498163392974,0.288,0.15482695810564662,0.41894353369763204,0.3205828779599271,0.10564663023679417,104
549,0.08623426063448508,0.03200000000000001,0.2577269864878667,0.16000000000000003,0.16029143897996356,0.37158469945355194,0.3806921675774135,0.08743169398907104,105
549,0.05382827652007979,0.024,0.2806230635788013,0.19200000000000003,0.15482695810564662,0.3551912568306011,0.36247723132969034,0.12750455373406194,106
549,0.11117880211773656,0.1,0.2893623939964104,0.2773333333333334,0.1766848816029144,0.3989071038251366,0.33697632058287796,0.08743169398907104,107
549,0.07645264116575592,0.04000000000000001,0.27993516350073727,0.22000000000000003,0.16393442622950818,0.3570127504553734,0.3697632058287796,0.1092896174863388,108
549,0.044593060142650305,0.0,0.3090859319642107,0.30400000000000005,0.19489981785063754,0.29690346083788705,0.3588342440801457,0.1493624772313297,109
549,0.07447926027120018,0.04000000000000001,0.2746395517101801,0.192,0.1657559198542805,0.3533697632058288,0.39344262295081966,0.08743169398907104,110
549,0.06979861255674097,0.07600000000000001,0.3257355455084281,0.384,0.20036429872495445,0.33515482695810567,0.33515482695810567,0.12932604735883424,111
549,0.07111397844565878,0.06399999999999999,0.3248727701882211,0.384,0.21311475409836064,0.32786885245901637,0.29143897996357016,0.16757741347905283,112
549,0.06449798355484831,0.037500000000000006,0.2834563710993015,0.201875,0.16939890710382513,0.3697632058287796,0.34790528233151186,0.11293260473588343,113
549,0.06878468427443837,0.07225000000000001,0.30219300242865826,0.33249999999999996,0.17486338797814208,0.3533697632058288,0.34790528233151186,0.12386156648451731,114
549,0.08301551630670484,0.03200000000000001,0.2885003155087172,0.25600000000000006,0.18397085610200364,0.32786885245901637,0.3970856102003643,0.09107468123861566,115
549,0.07219559733425854,0.05,0.2512336969092434,0.16000000000000003,0.14389799635701275,0.41894353369763204,0.3424408014571949,0.0947176684881603,116
549,0.08374534809452842,0.10200000000000001,0.2901790047232671,0.288,0.15664845173041894,0.4335154826958106,0.3114754098360656,0.09836065573770492,117
549,0.0969199254054992,0.06400000000000002,0.28798172608205397,0.20400000000000001,0.1930783242258652,0.3788706739526412,0.3333333333333333,0.0947176684881603,118
549,0.0924242193598751,0.06000000000000001,0.2863933146847082,0.25600000000000006,0.1785063752276867,0.37158469945355194,0.3533697632058288,0.0965391621129326,119
549,0.04117270144852112,0.038000000000000006,0.29604680588082233,0.19,0.1621129326047359,0.37340619307832423,0.331511839708561,0.13296903460837886,120
549,0.05479732847601701,0.05,0.28972821797207043,0.24000000000000005,0.15482695810564662,0.37522768670309653,0.35154826958105645,0.11839708561020036,121
549,0.10627308743169402,0.1275,0.30647706435944144,0.306,0.19672131147540983,0.4116575591985428,0.2750455373406193,0.11657559198542805,122
549,0.07626688784803538,0.09,0.2639428441321884,0.171,0.14571948998178508,0.41894353369763204,0.3533697632058288,0.08196721311475409,123
549,0.0695639365946743,0.05,0.30368654046317983,0.26666666666666666,0.18397085610200364,0.3770491803278688,0.30965391621129323,0.12932604735883424,124
549,0.07208289313904069,0.03200000000000001,0.2900590619307833,0.25600000000000006,0.18397085610200364,0.3406193078324226,0.366120218579235,0.1092896174863388,125
549,0.04957558203029515,0.035,0.284600799269037,0.25600000000000006,0.12750455373406194,0.40619307832422585,0.3442622950819672,0.122040072859745,126
549,0.07743024852348623,0.096,0.29632749282441906,0.20900000000000002,0.1894353369763206,0.36429872495446264,0.3205828779599271,0.12568306010928962,127
549,0.07150099097926968,0.06,0.2859913370630584,0.216,0.14207650273224043,0.41530054644808745,0.3333333333333333,0.1092896174863388,128
549,0.09573892725368137,0.048,0.28499255022451747,0.24000000000000005,0.19854280510018216,0.3442622950819672,0.34972677595628415,0.10746812386156648,129
549,0.07461708901930897,0.053125,0.2631234619825126,0.16000000000000003,0.151183970856102,0.41530054644808745,0.34790528233151186,0.08561020036429873,130
549,0.08810245098329116,0.11249999999999999,0.29575216671989213,0.2375,0.1657559198542805,0.4262295081967213,0.2896174863387978,0.11839708561020036,131
549,0.08624141006736637,0.08000000000000002,0.2777333217682945,0.16399999999999998,0.1785063752276867,0.3861566484517304,0.3296903460837887,0.10564663023679417,132
549,0.08743958979696687,0.072,0.2809159787692575,0.216,0.17486338797814208,0.37340619307832423,0.36429872495446264,0.08743169398907104,133
549,0.0691169236766573,0.038000000000000006,0.27786597705194016,0.18000000000000002,0.18214936247723132,0.366120218579235,0.33879781420765026,0.11293260473588343,134
549,0.10851482097137835,0.09600000000000002,0.2924658641904544,0.21600000000000003,0.19672131147540983,0.37340619307832423,0.331511839708561,0.09836065573770492,135
549,0.08317519082314166,0.04000000000000001,0.3016764875531269,0.288,0.1930783242258652,0.331511839708561,0.3570127504553734,0.11839708561020036,136
549,0.08229832424709475,0.10720000000000003,0.32835714193214194,0.384,0.20765027322404372,0.36429872495446264,0.3114754098360656,0.11657559198542805,137
549,0.09836464025500911,0.11475,0.3049795765027323,0.32000000000000006,0.19489981785063754,0.38979963570127507,0.30601092896174864,0.1092896174863388,138
549,0.06550223591678511,0.03200000000000001,0.2941529992093517,0.204,0.18761384335154827,0.34972677595628415,0.3460837887067395,0.11657559198542805,139
549,0.13026382383554516,0.12800000000000003,0.3225960729464828,0.384,0.22768670309653916,0.37158469945355194,0.3005464480874317,0.10018214936247723,140
549,0.07680972005377742,0.024,0.2639495500477058,0.16000000000000003,0.15846994535519127,0.35154826958105645,0.3879781420765027,0.10200364298724955,141
549,0.09988668515758681,0.105,0.28994484836656975,0.279,0.18761384335154827,0.3770491803278688,0.33697632058287796,0.09836065573770492,142
549,0.05436816210125637,0.048,0.2883763588225679,0.20900000000000002,0.1621129326047359,0.36065573770491804,0.366120218579235,0.1111111111111111,143
549,0.07798430417108697,0.096,0.30414849555802426,0.27999999999999997,0.19672131147540983,0.3570127504553734,0.3242258652094718,0.122040072859745,144
549,0.06435651942926532,0.07600000000000001,0.2994703627808137,0.24000000000000005,0.1912568306010929,0.3588342440801457,0.31876138433515483,0.13114754098360656,145
549,0.0690037380374129,0.045000000000000005,0.269768830413161,0.17,0.17304189435336975,0.37158469945355194,0.3588342440801457,0.0965391621129326,146
549,0.0923974087084743,0.1275,0.29027396348338974,0.21000000000000002,0.18761384335154827,0.3843351548269581,0.3205828779599271,0.10746812386156648,147
549,0.0959089480874317,0.11399999999999999,0.3314932832422587,0.384,0.21493624772313297,0.3588342440801457,0.2896174863387978,0.1366120218579235,148
549,0.10843365093821379,0.096,0.27843442290455955,0.2,0.18397085610200364,0.3679417122040073,0.3570127504553734,0.09107468123861566,149
549,0.08049180534856763,0.07200000000000001,0.2866917556714688,0.288,0.16029143897996356,0.3843351548269581,0.3442622950819672,0.1111111111111111,150
549,0.05455182162011738,0.024,0.28878407073105505,0.252,0.16939890710382513,0.3442622950819672,0.35154826958105645,0.13479052823315119,151
549,0.06696988956420455,0.085,0.3396467479213908,0.384,0.21311475409836064,0.3424408014571949,0.28233151183970856,0.1621129326047359,152
549,0.06792138520253276,0.08533333333333334,0.3273535556580639,0.384,0.22586520947176686,0.31876138433515483,0.30783242258652094,0.14754098360655737,153
549,0.08557668123467305,0.11200000000000002,0.3192605140988338,0.36,0.19489981785063754,0.3970856102003643,0.29690346083788705,0.1111111111111111,154
549,0.04053542046144505,0.0,0.3140502352762599,0.357,0.1657559198542805,0.31876138433515483,0.3770491803278688,0.1384335154826958,155
549,0.08875073805975446,0.06400000000000003,0.29043152130201316,0.21600000000000005,0.1766848816029144,0.366120218579235,0.3551912568306011,0.10200364298724955,156
549,0.06504402864515571,0.04000000000000001,0.282489670071125,0.2,0.15482695810564662,0.3770491803278688,0.3551912568306011,0.11293260473588343,157
549,0.09235312321103305,0.056000000000000015,0.2900263472547489,0.23200000000000004,0.19672131147540983,0.3825136612021858,0.30418943533697634,0.11657559198542805,158
549,0.03774719475525486,0.02133333333333335,0.30559801876427567,0.33749999999999997,0.16757741347905283,0.3406193078324226,0.3442622950819672,0.14754098360655737,159
549,0.058105317749443434,0.02,0.29042863286784054,0.24000000000000005,0.1766848816029144,0.331511839708561,0.36065573770491804,0.13114754098360656,160
549,0.09585709876543211,0.07600000000000001,0.3130341175875329,0.3360000000000001,0.2185792349726776,0.3224043715846995,0.3424408014571949,0.11657559198542805,161
549,0.10600867920027757,0.09600000000000002,0.3013410107121173,0.33599999999999997,0.17486338797814208,0.3879781420765027,0.3533697632058288,0.08378870673952642,162
549,0.09194966099979762,0.11019999999999999,0.31325395162922487,0.3360000000000001,0.21129326047358835,0.3679417122040073,0.30601092896174864,0.11475409836065574,163
549,0.0737718514181629,0.035,0.27647869502992456,0.24700000000000003,0.16029143897996356,0.3679417122040073,0.3551912568306011,0.11657559198542805,164
549,0.04034119069303496,0.023999999999999997,0.3055386579495186,0.315,0.15664845173041894,0.3533697632058288,0.3460837887067395,0.14389799635701275,165
549,0.07108392998925786,0.06,0.28829903904535054,0.21374999999999997,0.1621129326047359,0.36429872495446264,0.34790528233151186,0.12568306010928962,166
549,0.07888447429670108,0.096,0.3207247293058086,0.384,0.1912568306010929,0.3588342440801457,0.3151183970856102,0.13479052823315119,167
549,0.06124214155607599,0.0375,0.2769176814988291,0.19200000000000003,0.14571948998178508,0.3879781420765027,0.3679417122040073,0.09836065573770492,168
549,0.043262715760256754,0.010666666666666668,0.25376770318327696,0.16000000000000003,0.11839708561020036,0.39526411657559196,0.37522768670309653,0.1111111111111111,169
549,0.10675003794778386,0.1275,0.31367984972677604,0.336,0.20947176684881602,0.4262295081967213,0.25136612021857924,0.11293260473588343,170
549,0.06585430879836617,0.04800000000000001,0.2807623123309599,0.22799999999999998,0.14571948998178508,0.3879781420765027,0.3551912568306011,0.1111111111111111,171
549,0.03534466671003557,0.03,0.2718603011969815,0.18133333333333337,0.12386156648451731,0.40619307832422585,0.35154826958105645,0.11839708561020036,172
549,0.11598862909035626,0.12,0.2828459730214707,0.22666666666666666,0.18397085610200364,0.4098360655737705,0.32604735883424407,0.08014571948998178,173
549,0.0919854781451093,0.12,0.32554946067138696,0.36,0.2040072859744991,0.37158469945355194,0.29690346083788705,0.12750455373406194,174
549,0.09731609202879697,0.12,0.312787858877613,0.36000000000000004,0.19854280510018216,0.37158469945355194,0.3132969034608379,0.11657559198542805,175
549,0.061294065927448946,0.03200000000000001,0.2820071156282036,0.192,0.1766848816029144,0.3424408014571949,0.366120218579235,0.11475409836065574,176
549,0.06705136203353416,0.03200000000000001,0.2723543756713839,0.16000000000000003,0.16757741347905283,0.366120218579235,0.366120218579235,0.10018214936247723,177
549,0.09318515005637956,0.06400000000000002,0.2646124421025241,0.19200000000000003,0.1493624772313297,0.39162112932604737,0.3861566484517304,0.07285974499089254,178
549,0.10030871774855382,0.07225000000000001,0.2809478126063372,0.171,0.1894353369763206,0.3989071038251366,0.3205828779599271,0.09107468123861566,179
549,0.0892924377850949,0.0625,0.2887449855409214,0.22799999999999998,0.1894353369763206,0.3551912568306011,0.3588342440801457,0.0965391621129326,180
549,0.09865213844797178,0.08000000000000002,0.27737028833087574,0.22400000000000003,0.17304189435336975,0.3879781420765027,0.3533697632058288,0.08561020036429873,181
549,0.08811163858530661,0.096,0.31401188145112335,0.384,0.19672131147540983,0.36247723132969034,0.3132969034608379,0.12750455373406194,182
549,0.08036655214567613,0.096,0.29777316373384516,0.19200000000000003,0.18761384335154827,0.3770491803278688,0.3151183970856102,0.12021857923497267,183
549,0.047690326567785594,0.04000000000000001,0.2959839513400989,0.24,0.16939890710382513,0.37522768670309653,0.32786885245901637,0.12750455373406194,184
549,0.09528488008500303,0.10725000000000003,0.3253760832048947,0.384,0.24043715846994534,0.3533697632058288,0.27140255009107467,0.13479052823315119,185
549,0.08902994622256918,0.036000000000000004,0.2653101526585133,0.17,0.1621129326047359,0.3697632058287796,0.3879781420765027,0.08014571948998178,186
549,0.05496626984126985,0.048,0.30532126593806924,0.32000000000000006,0.16029143897996356,0.37340619307832423,0.3296903460837887,0.1366120218579235,187
549,0.07969753718882819,0.096,0.28587942091681845,0.2,0.1766848816029144,0.4116575591985428,0.30418943533697634,0.10746812386156648,188
549,0.06996572480174486,0.08399999999999999,0.30804895794180864,0.34199999999999997,0.1785063752276867,0.39344262295081966,0.30965391621129323,0.11839708561020036,189
549,0.06808137522768672,0.03200000000000001,0.2635447675427184,0.16000000000000003,0.151183970856102,0.3770491803278688,0.3679417122040073,0.10382513661202186,190
549,0.10237945181715673,0.12,0.29025288836846214,0.25600000000000006,0.16393442622950818,0.424408014571949,0.3224043715846995,0.08925318761384335,191
549,0.07455271706132362,0.096,0.2946018973891925,0.25600000000000006,0.18032786885245902,0.39344262295081966,0.30783242258652094,0.11839708561020036,192
549,0.07394300380857759,0.048000000000000015,0.27646743942153784,0.2,0.16757741347905283,0.3770491803278688,0.37158469945355194,0.08378870673952642,193
549,0.06453506049960968,0.02285714285714286,0.2812305523028884,0.192,0.18214936247723132,0.33515482695810567,0.36065573770491804,0.122040072859745,194
549,0.06552859281732233,0.05,0.2536118729251926,0.17812499999999998,0.1092896174863388,0.4517304189435337,0.33879781420765026,0.10018214936247723,195
549,0.07657220198340418,0.068,0.27037698067971294,0.171,0.1766848816029144,0.3697632058287796,0.3460837887067395,0.10746812386156648,196
549,0.11826621888281726,0.12800000000000003,0.2864252959927141,0.24,0.1930783242258652,0.41530054644808745,0.3114754098360656,0.08014571948998178,197
549,0.1317284649245715,0.12,0.3048602196300967,0.288,0.23679417122040072,0.3533697632058288,0.3205828779599271,0.08925318761384335,198
549,0.07306631662710898,0.0425,0.2722169762285883,0.19,0.15846994535519127,0.4007285974499089,0.3424408014571949,0.09836065573770492,199
549,0.07048260094110505,0.06400000000000002,0.30759192091681853,0.2880000000000001,0.19489981785063754,0.3406193078324226,0.33879781420765026,0.12568306010928962,200
